iou,
0.7365325406094065,
0.7157717607465198,
0.7008714422769428,
0.7429577464788732,
0.8374395072591289,
0.7198823705328216,
0.7941464648060937,
0.8143403731733216,
0.20007660063408303,
0.7348302592889602,
0.792237291873415,
0.7439276253760158,
0.7051644286504908,
0.620648176787985,
0.8102288021534321,
0.7588299931976349,
0.747014115092291,
0.532546188670011,
